{
    "hidden_size": 128,
    "batch_size": 16,
    "learning_rate": 0.1,
    "dropout_rate": 0.1,
    "num_layers": 2,
    "optimizer": "sgd",
    "weight_decay": 0.0001,
    "mean_val_loss": 1.0813687806544097,
    "mean_accuracy": 38.21509285459963,
    "std_accuracy": 1.7854163938453056
}