hidden_size,batch_size,learning_rate,dropout_rate,num_layers,optimizer,weight_decay,mean_val_loss,mean_accuracy,std_accuracy
128,16,0.1,0.1,2,adam,0.0,1.0838548766530078,37.584805951689376,1.7333955813438202
128,16,0.1,0.1,2,adam,0.0001,1.0832196189009626,36.32621854093661,1.2677642076430349
128,16,0.1,0.1,2,adam,0.001,1.083108792097672,35.8883121263797,0.6551309002106463
128,16,0.1,0.1,2,sgd,0.0,1.082408545587374,37.09334182860784,1.694745061181219
